function,year,month,day,hour,minute,second,ms,TxHash
deploy,2019,03,28,09,53,37,957,0xe7c71d6e89201fbf362105652395056106bdb28ad733b5015e1dafaaa09110b5
deploy,2019,03,28,09,54,17,259,0xd03da80113573869207f483cc5db584614210cfa3238e4b65d29520f122b8335
deploy,2019,03,28,09,54,25,862,0xc283a8d40a55e9b93f444b5338b21ef6f86f71ed5dc39b9975bab918b61140c4
deploy,2019,03,28,09,54,55,260,0x6fdcda966224b76294f2ec1667dfe6fc329a3372582f5b49f5d7dcc948f01f18
deploy,2019,03,28,09,55,32,980,0x124dcce2991a372907a6de7a488e45415ea64f5953de8cbfb150b9913d501822
deploy,2019,03,28,09,57,04,263,0x526012bc9b9babe687dae5c7358a99d40b28dd41db38d2bc456fb3586a3caf2f
deploy,2019,03,28,09,57,57,029,0x91f4fb83517cdfe467c0b10d7f543ee0711cb429f2f3eea9229b91bfedbdbc73
deploy,2019,03,28,09,59,25,328,0xd801f34b75fad2afbd058cb3736166f938f63f2c72c6525530b98a14c6d5faaa
activateInBlock,2019,03,28,10,12,07,401,0xba42f9dbd2e2ead17f0bda7c2dc0a3d314228a61e8a2e908227766d7cf764e0c
getOracleCurrencyConversion,2019,03,28,10,14,31,739,0x84a645605d0c6eafa66ba4a6049b639de2e49aa3ec05d846a447ca273882167f
getPrefixCost,2019,03,28,10,15,56,849,0x467eddcfbfc99a5979d025cfdaa530474487f838686a6525f8e9c08b0ba60479
prefixRequest,2019,03,28,10,19,58,348,0xbe6dccb8e3a6ac279bd231ac731a388e13a8bfd137aae55da75c17b60d7adb00
prefixRequest,2019,03,28,10,24,36,172,0xe9b1d60f034af2e383344dc9502c86f1c6eeec999a687672a30fe55129b30e70
prefixRequest,2019,03,28,10,27,29,086,0x189d6ecba724b7bf737d25d129ded94703960e97e6c944ca88da035eebb732d6
prefixRequest,2019,03,28,10,29,10,675,0x54f409fad28e8fb8f710caa5d44275220fdd2d54906f008fe2cad52b855872ed
prefixRequest,2019,03,28,10,34,02,003,0x7988313f862b7753b0e5f9dcb5d763243fe03980f4ba2e29f5c56b94b67cdede
prefixRequest,2019,03,28,10,36,28,678,0x344d565df54978b80535cadcef99ae6bdcbd224c433f2ddfe86339e259a334d2
prefixRequest,2019,03,28,10,39,06,797,0x60d1a9eb9854daeac1f25358eb3f426a19c1179d6b2621cd99c1b2d893bdeafa
prefixRequest,2019,03,28,10,41,07,559,0xb17765877fbb5724ce281a798f54ea7977c7096af7e8c468df72002d826273e6
prefixRequest,2019,03,28,10,44,22,993,0x3286bf1919ae3e9d2b31380441fc0112020662ada8ce0a5d0808d95358c877a3
prefixRequest,2019,03,28,10,47,13,251,0x8908aec703bc5d19004befb1f0d6b6e382757d9b3bb2d881a7145077959bf25f
prefixRequest,2019,03,28,12,40,16,531,0x31901bbf79014c6839397bc6336a6df8661702a8cdec8287ba43cfbc60b4cdbc
prefixRequest,2019,03,28,12,40,44,290,0xd0b7e76f2316173c45ac60df10bd2063d8236d5391fc7ff2929d0549173c8453
prefixRequest,2019,03,28,12,42,09,973,0xe8821780b16f2aeec22eb3e5248783c25a3f28c69c931472cee7427afdebfbb6
prefixRequest,2019,03,28,12,43,18,353,0x6212007e96a2e41b0ed450a908e067591f6c00f81e3957104530a6421185a1e9
prefixRequest,2019,03,28,12,43,49,091,0x5e59c500b152eded4be1202a9a9216710df0980ee7c0645882d61c36987d58f9
prefixRequest,2019,03,28,12,44,21,252,0x3f32ad801008b475a963743c06437d0f0fe63cbabb94a285d1c91403bae68a36
prefixRequest,2019,03,28,12,44,47,209,0xb84752252304c7ec7be16605968fe545c5efe3dec354d9b975d667cfdc73ef59
prefixRequest,2019,03,28,12,45,15,986,0x0f326d1e510d0d267eee707ad96d232aafd93b8ccbaaa08725f5c9f8f62503eb
prefixRequest,2019,03,28,12,45,46,665,0x4f7bfa8769cc8c1785350ce86322a232734037dce99e5cca2f9c3d6eadb6529e
prefixRequest,2019,03,28,12,46,16,001,0xc59ba1d277f544e6260d0aafe515a4b25c0b71a3bc6fff401c5a243e5a20917d
prefixRequest,2019,03,28,12,46,42,228,0x16e41345f13eb4b4cf6f0cf70ad7846e8e0c7bd2ec1ab7ce420350f2b718dab1
prefixRequest,2019,03,28,12,47,06,916,0xe23847243f9cc1d9e024f4071a926a3fea3424c2323d2f0a82c6c2b18a14e55a
prefixRequest,2019,03,28,12,47,51,395,0x74abffd28c870854253dde36f8db68a4f9adf0e2d347a3f0c9753f374ecfda8d
prefixRequest,2019,03,28,12,48,14,617,0x7fa945abe28fc2f4784d4926b478c53acef0266cf1fc8072982c06a6295ae8df
prefixRequest,2019,03,28,12,49,00,162,0x6730fd3ab8608d48e4e27c52e812b9421c7ec11837e854c42cb4504d8d98f80c
prefixRequest,2019,03,28,18,19,36,407,0x0bdb6c7baa2c7db8e5ae9d80d17b79b0acd49cd113ffc17e230824586d14cfda
prefixRequest,2019,03,28,18,20,58,295,0x3587aab9cbcfcd66006c07b477f846c0ffd90ea885f544bcdc3d01417abf7636
prefixRequest,2019,03,28,18,21,35,417,0x6dad1c61e39a0d8bd1d84e9598bad2d9930ea22a0ccb1f0f27e8e3f4b1f7392a
prefixRequest,2019,03,28,18,22,22,355,0x6099dfa143c4d99cdb68127114f1373a33f608c0ce13f8e5cfdc3da631b73a98
prefixRequest,2019,03,28,18,23,11,210,0x08baa21037ec296c31ce9d00e23b81f623bfb7b8e36c5f9dddd48c28de9474ac
prefixRequest,2019,03,28,18,23,32,283,0xbd4a90ab06526f32b4dd8202f07e359acf82d542f2e816ef590891731f22ebb8
prefixRequest,2019,03,28,18,24,37,342,0xf01d95d9fea192b7b0949764f8c595f2c9f63244e42a15d8f7ae90a4fd8e3f5b
prefixRequest,2019,03,28,18,24,56,458,0xeacaf1b75e732bd97fd72ce4dc22439501172fab279d431697b28bc755046507
prefixRequest,2019,03,28,18,25,14,507,0x9d8135b883b90a50d9b36b8aacff4e5b1c002829324f8cc5722f153515dcbdce
prefixRequest,2019,03,28,18,25,32,204,0xa9c215edae3c3ffc350013b1fd60fa99a5abdf5b700ebba679c748581787edf5
prefixRequest,2019,03,28,18,25,52,929,0xdcaecd86035f1cb323d73efc359cc8113d522efb54c5d7dca0fab99c57c7bbc3
prefixRequest,2019,03,28,18,26,30,875,0x2e89d26a5a697e0483f65356f052d053c583566a99206a9f3158f4b63d546fb9
prefixRequest,2019,03,28,18,26,51,645,0x9224f4a8a9cf1dd5a05b8a0399a9d5e7d0fb49dcc2c2219a4514af7eac65a692
prefixRequest,2019,03,28,18,27,14,320,0x3a7359e8285ff57a231ca6a6ac5c1c5257ddff4ddb7d8048dd7f01db3f6c319e
prefixRequest,2019,03,28,18,27,36,700,0x9e0fbd48842ed41e70e13442408e45d963e23c59ae65b3a33fac16afc9116fad
prefixRequest,2019,03,28,18,28,18,714,0xaacc5e98c55fed58c4e0f482b0cccf7285353568a3fe72993e285c78da4c3aff
prefixRequest,2019,03,28,18,28,37,674,0xee7409d8725f2606a6e8ffa3c7df542259b96bde262229125aa908fd2931c608
prefixRequest,2019,03,28,18,29,10,864,0x75e6eb3646b8e01f4bf78f56ad9add7cc8f73bdbb932a4d45516fd4e805f847b
prefixRequest,2019,03,28,18,30,22,432,0x1f8a067d79537ef58dade4b4a1fee542ea5d8b8b4f31b314ed74234ba4883cd1
prefixRequest,2019,03,28,18,30,43,587,0x5ed3065fe802c2f2da39db205af34c79cdf3b8c9dfceaa6dbe1fb9060a1d764a
prefixRequest,2019,03,28,18,31,33,517,0x538a50e8b760bdda8e02450260d6cb535d059349132b711e5988788142359f44
prefixRequest,2019,03,28,18,33,06,046,0x3bc890fad962bf9eba11d0d8b82c5f4058a67283fb2e295f6f65290e5936ce6b
prefixRequest,2019,03,28,18,34,29,191,0x14a7c046c273fce93bc59b98f7dcebc0faed42b161f349632b7c6bff727ce08e
prefixRequest,2019,03,28,18,35,22,067,0x2a6b00429eaa01adf0aa1edafca51dddd98027f9ec510586801570348005f8d0
prefixRequest,2019,03,28,18,36,40,180,0x48b94b7bca9ffc8a5150db3ca93b285b3c3e15fea85c619a9cb6177948884770
prefixRequest,2019,03,28,21,51,06,640,0xcc924c5297548fee42079e1f968288e70ef32aae05eb268979c81eed50b2ae48
sequentialAllocationPrefixRequest,2019,03,28,10,22,36,258,0x0d346bebd3c853564b27b836745473912fc12a2fbb17869e2aada7505a16807f
sequentialAllocationPrefixRequest,2019,03,28,10,25,41,697,0xecea40bc61d29b1ab532d406c317cd81eafff131d4dc4ad62806b230a6ef911b
sequentialAllocationPrefixRequest,2019,03,28,10,28,28,304,0x1cea1bb679b70937be26a1d6c3f4e0b79260c7d4926a89124a7a12629b550322
sequentialAllocationPrefixRequest,2019,03,28,10,30,09,598,0x81aecc8319f817a78b707c96d88766fb2061e3b1eb811318843145b9aa165623
sequentialAllocationPrefixRequest,2019,03,28,10,35,06,044,0x1796d74976159173b9db66c8557360e34788e7fd6ca836703d958ed474e48e53
sequentialAllocationPrefixRequest,2019,03,28,10,38,12,804,0xc7611dcd97fb79253ddacaab2a7c558c86ac5e71c592f8e224a4a16fac996a80
sequentialAllocationPrefixRequest,2019,03,28,10,40,10,429,0x11f36aba21d2bd5fe381bc3fc5ce18b538c8d9b3b3560ba8d625cbd5a1bed171
sequentialAllocationPrefixRequest,2019,03,28,10,42,24,793,0xb440fd62cacb9c839c1caf1311c1374329cf107dd7f12ad400a84347c100f931
sequentialAllocationPrefixRequest,2019,03,28,10,46,02,067,0xe567a694d9232ff2bde3356c9b91320e119915d87d28240ab7f3b994549d5f87
sequentialAllocationPrefixRequest,2019,03,28,10,51,45,592,0xac5bb319e0a9b24c5aaf24f85904bd73b7590f8ffd31b0172dec5367268bd913
sequentialAllocationPrefixRequest,2019,03,28,12,50,30,949,0xb264fc3771c1a520780db3f2681a688ea18f0c7173c3100e2bdefb23c9b23f87
sequentialAllocationPrefixRequest,2019,03,28,12,51,16,854,0xac6280eefeb4fc382e859fa7c5e3c22792ca49d4be3cbaab93776d47b2fb4588
sequentialAllocationPrefixRequest,2019,03,28,12,51,46,999,0xb2020c9f7e4c74dfdd7d06bc1794a15d95f260021b5787410a56d562ea9f1309
sequentialAllocationPrefixRequest,2019,03,28,12,52,43,328,0xf1318490dbc666c86b4fa6765fa1881ed6d70bfd9f5c67dea248dd6966604bf7
sequentialAllocationPrefixRequest,2019,03,28,12,53,50,999,0x9767c7122067a206011f053830721da51042f2ea0191629aa83e654d9627a293
sequentialAllocationPrefixRequest,2019,03,28,12,54,21,932,0x26732ef19efdd6e25dbc0b4ab041d7d87b30c362333421b33e96257a9827d751
sequentialAllocationPrefixRequest,2019,03,28,12,54,55,810,0x80a198c1b45897e082b503010727a1195f24ffffa4f61b3a0820f54dd564d847
sequentialAllocationPrefixRequest,2019,03,28,12,56,21,947,0xccea999015fe06f1c83b8aa6135fb2ba5e9fa129ed780bc4d3fd0fc5c8d1a098
sequentialAllocationPrefixRequest,2019,03,28,12,56,55,938,0xd0021c41a53786748542b8753231fdcb401018387131249b82e84db7c7a17c71
sequentialAllocationPrefixRequest,2019,03,28,12,57,49,369,0x0d76ae9c250447cbd9a7b1fe87c4f4a7e24ea361adb50265f594102f1d048ecd
sequentialAllocationPrefixRequest,2019,03,28,12,58,21,658,0x399e84ab5e5e4d3688f4b798e41de5b7eacfc953fa293c6b38221c896982a878
sequentialAllocationPrefixRequest,2019,03,28,12,59,42,658,0x0b2a29ff2e71069fec8a69d2ac4b80bc2255c7975e015277538531c3b3ccf6aa
sequentialAllocationPrefixRequest,2019,03,28,13,00,13,952,0x2150428b315dbebd8e9e036534c25e919b6f2b6a3164b01763ece475321ffa57
sequentialAllocationPrefixRequest,2019,03,28,13,02,58,180,0xd46252cd914492bc58d7713c6a531153676d907174606adad14abffb5ada8723
sequentialAllocationPrefixRequest,2019,03,28,13,04,16,276,0x7d875e8be5e6aea40301842394e16841f0ce727148feb8d08b8e9bd180a36119
sequentialAllocationPrefixRequest,2019,03,28,18,42,48,110,0x3a2f93fe88a5f0cfd6561426b0423717bb31f8bdc6a4a4aff5c3a58be0a264dd
sequentialAllocationPrefixRequest,2019,03,28,18,43,20,486,0x3e3aa88c5b352a2ce612c7bdd8ffd85afda280197fe2c4ec90e55ad6bb788780
sequentialAllocationPrefixRequest,2019,03,28,18,51,08,612,0xf8e1ab538eabc9b1eabab103c82d89c6935b565789c1273ad69e19c96ac59cb7
sequentialAllocationPrefixRequest,2019,03,28,18,51,51,000,0x5545592986fbce222fc86f244c4944051a7c2155bb68f50d05d71193de3724c7
sequentialAllocationPrefixRequest,2019,03,28,18,52,23,649,0x72e4d2dbf55585fee3eabbcc97682ee83eee8ded733b4bfc8915d319b3b02d26
sequentialAllocationPrefixRequest,2019,03,28,18,53,48,793,0x5ca34bf14ffac5951dfefd5d634fabe178ca20a54a0bb4ef34c0171e1ac162b5
sequentialAllocationPrefixRequest,2019,03,28,18,54,15,356,0x3a8b550d91a8fbf60e8012ac095aa00554847e43d1b5aee6dc47aff8f5ab1333
sequentialAllocationPrefixRequest,2019,03,28,18,54,49,921,0x5081bead6dcfc098dae7ff49dec253e2ed417c537d060daa0ced69c5c0bb1dbf
sequentialAllocationPrefixRequest,2019,03,28,18,57,22,039,0x28734d156ecd32c80369b08c6d915b0138e110ce351acdcc2557a3c8e439a1f7
sequentialAllocationPrefixRequest,2019,03,28,18,58,22,737,0x9d44dcd489c350fc5deadcee7dee6f697651b298072b7a124821dbbc464f500f
sequentialAllocationPrefixRequest,2019,03,28,19,00,14,030,0x6b1c49e94f81e9d8ad2ea5837164756e2a380d18ceeca755e03f2ab45d0154ac
sequentialAllocationPrefixRequest,2019,03,28,19,01,08,750,0xd5caf3ec6df84e5219f91b658864356c4c95dfe5edcc8e0c10a8a7f81ed25c9f
sequentialAllocationPrefixRequest,2019,03,28,19,02,02,988,0x62e70093cc1e4777a85e616dd0701bb1fc5b30cfc84e5dbaa1c8ef84433dc3e6
sequentialAllocationPrefixRequest,2019,03,28,19,02,42,873,0xe1c915ce14d943691628c5f8e27ace119103bf7184cc2791f704f273d4d28d6f
sequentialAllocationPrefixRequest,2019,03,28,19,03,32,808,0x00413524682640725c2a3c07c1776f79de51691904dcf1a4112b075787a2ad65
sequentialAllocationPrefixRequest,2019,03,28,19,04,11,946,0x4b31624223999be350bf2dc396fac72bfcb4916d13ceec66b2cf60ab2b659644
sequentialAllocationPrefixRequest,2019,03,28,19,06,21,291,0x8e5e68b7f466b9dc872cccf609ff74c5f1c1373a6b43c44999e606185ffa7496
sequentialAllocationPrefixRequest,2019,03,28,19,07,31,837,0xba7ce6aa28df9ac343765c6a054b55a0b4c5a7d0f7d63bcd6f44f81839f177a3
sequentialAllocationPrefixRequest,2019,03,28,19,08,01,887,0xbdeb2af221d3272971226de5aec32944af741748eaa8ba4a41711e0fe7fed2d2
sequentialAllocationPrefixRequest,2019,03,28,19,08,36,555,0xdaee4f847bcc177f510f42d7101c0f948b738a4f36d2e6b91a106d8ac052461d
sequentialAllocationPrefixRequest,2019,03,28,19,10,14,598,0x032d0b2ef21b508a1451925343e2ad54cf2b8ff8d66dacd1459c04882ff5e533
sequentialAllocationPrefixRequest,2019,03,28,19,10,51,855,0x96eb89b87d4e8aa252daab325d42a69d98b7964fa579be1ff4a2128b0f010da2
sequentialAllocationPrefixRequest,2019,03,28,19,12,05,755,0xc3bbaa4b914bcf14cc8b4587fcb42e4fd652fdd0934a12f783aedf6e4d11f826
sequentialAllocationPrefixRequest,2019,03,28,19,12,37,389,0x8ca9fcaf8c3311c300505224dac4f6a92d31634eb742b54fc7dc3b0a30fde9e0
sequentialAllocationPrefixRequest,2019,03,28,19,14,41,398,0x713de3cf4b519c249b33def05c67c190d6f803dce54fc0231fb43e5ed611202f
setPolicyURI,2019,03,28,11,04,31,043,0x182cbf4961a13c5abb6f68d1ececa0b0d274e3fdf91c98ed3179673882b77a76
setPolicyURI,2019,03,28,11,04,56,224,0x0708f3b082b20d29259c14f0e302cc49c78d20b3ac601f512f41109daf60e0b6
setPolicyURI,2019,03,28,11,05,34,294,0x781713c9e67ffd5280528ed4201e3151403a1b194b9d7fa8f5a09437780f2e00
setPolicyURI,2019,03,28,11,06,45,289,0xe0ab6b287bfe77091f568ead2f664b797de668ba3e9adcf7a1f738718882c56b
setPolicyURI,2019,03,28,11,07,44,669,0x2223d2d638d47e6a4d0b0a215efd3999b1dd957892d4dfcb7994f4d4f2ede544
setPolicyURI,2019,03,28,11,09,11,398,0x82c8d3af17557e3c220f0bd9d6d22c2e6410bfffc9bff236493cb2b8396a80af
setPolicyURI,2019,03,28,11,11,09,043,0x2000a0610bd349188b018be905392e338e02a28bc2bd01f74d8ea8f66a301818
setPolicyURI,2019,03,28,11,12,00,116,0x0c2f6fe869353e032f4ced7164db1dd903e3410c6d7985bb8e9692f63b53eda3
setPolicyURI,2019,03,28,11,12,36,002,0xa35c2d2d0bc32cf63e09b816c8bcfcac3e82d2a19d32c84458ae5d5856b6e520
setPolicyURI,2019,03,28,11,14,36,958,0x7ba20ad9ed028bb8aaf164e92329257d7dd38165627237cc08ba381a13f008fb
setPolicyURI,2019,03,28,13,17,20,268,0x0aa79b79693656167e395eedff21ef5046256be645beb74e9da278d5ba8eee53
setPolicyURI,2019,03,28,13,18,09,416,0xd6ed6fefd9945e12f4b43487e58982593c7b85d06af5faedb46848884cf135e6
setPolicyURI,2019,03,28,13,18,46,308,0x2c6224d5b48103acab45bfd667c77f09ae3c99ffd390a99861f2730249c8d9db
setPolicyURI,2019,03,28,13,19,05,287,0x28cc496de08475dac05efa628c205fc041c7e98a98e1bc1b81c54a3a97a4ca97
setPolicyURI,2019,03,28,13,19,47,608,0xb1ecab74a9965a67c4656658f13ffe82b54e2e6fd6a284fac2170243fd019713
setPolicyURI,2019,03,28,13,20,30,618,0x14ad0cbb136a3502ed0be60444b42653d4b257d1f1da944ba562219bdb9dc842
setPolicyURI,2019,03,28,13,21,23,463,0x8d748edb4e2045814e1f0b43851a07142695b2ce9866d257286d6fc1fc203bdd
setPolicyURI,2019,03,28,13,21,44,273,0xa6bd04983ce970c646d8d40b2a91f8fbe80a7f4e2403fc42fa5697b5a9d32dfc
setPolicyURI,2019,03,28,13,22,31,147,0xbeb9ccebc53a1c36315b9ade9331242d55b04804c645bc6223754385cfb25fa1
setPolicyURI,2019,03,28,13,23,02,345,0x8e03b450d7ebe10c535d9af7dca805fa80d1e03c9d3e6b42c62c674fb8da2632
setPolicyURI,2019,03,28,13,23,51,409,0xfdc25d54ecd07a1ab127a3cb60ca0207c2eb712c1a8108835a703a2debd1f898
setPolicyURI,2019,03,28,13,24,12,771,0xcea8c78717f3ad00283a7444b5277aa4352912f43b630edce99efe544e862632
setPolicyURI,2019,03,28,13,24,33,941,0x7fdc5a014107af40579f6033c88b5fc306f8a7330639e59d3a000e2e59b3942f
setPolicyURI,2019,03,28,13,26,07,327,0xdccbcf067d58f7051c3500a7a84699123a2c4d261e0b4b34d94b59e6cf542fe1
setPolicyURI,2019,03,28,13,27,22,503,0x2877c2edfe8caa281d096c96a05dd97f786e6b37042e1946fcfc7bad9bd741fa
setPolicyURI,2019,03,28,19,38,11,263,0x2f9c1f5c5696ccea603c295680ce5171dcbbc69008530aa2303297df336ff74c
setPolicyURI,2019,03,28,19,39,29,774,0x05b4189e795a751a3660e5f62c6410296302e613b72e7ff0c950bc01fe7ecb35
setPolicyURI,2019,03,28,19,39,49,581,0xe35bd37b432fea0730c01e8b68e5ff63b8a92fca22d1ffa7c3677b976ff35754
setPolicyURI,2019,03,28,19,40,21,568,0x482dcd6d999468530778bea1167c3ce6a09a1f4baa78ab5bfbecb35c377db64b
setPolicyURI,2019,03,28,19,46,39,658,0xe882a60aa47013801f45b3c9042ed68087490283a1e9db13163fd9b03a076e58
setPolicyURI,2019,03,28,19,47,29,439,0x387737739325b4de00e00f6625552bfe57580b27aecc7a50f0d66aab6119c1a9
setPolicyURI,2019,03,28,19,47,51,992,0xb07ae0a8d28160d62778f99364afe39dd70e27f073e632cfc4575a82fd568f08
setPolicyURI,2019,03,28,19,48,14,160,0x4542574ec81f574b72071c80c82c1d2ceac707e57e5650f2774d50e53587e427
setPolicyURI,2019,03,28,19,49,09,133,0x39c9c9bf09462ce22a062858ac6a955400bea198ffdceef13bdbb54b9fa27b68
setPolicyURI,2019,03,28,19,49,50,692,0x5fa9de47efd07722342d1dcebb5c6c6b6e27855a1aae503a8b41a3551c9022e1
setPolicyURI,2019,03,28,19,50,19,012,0x12ff9c7cae2d3594e829b0b5b0a722dfdba8591a2a5a0d2bc7b5ace91342391c
setPolicyURI,2019,03,28,19,50,42,303,0x21cc76e07bd27ef07e52c3cab282b369f16e4ece7f5da4f44c835085fb78ee80
setPolicyURI,2019,03,28,19,51,29,106,0x6636e58a53c79b8502614c9877c3a5125678e4c21f22abde94e0d208b45683b0
setPolicyURI,2019,03,28,19,52,12,552,0xed2b46bf0dafc814d1895de9f5610c1a2b1a9e589db425c6f2541bc8803bb5ea
setPolicyURI,2019,03,28,19,52,39,147,0x9aa7da3294cd037536fd6c32ade4fea032b49c9779e7a54f7d4e9db5bced746f
setPolicyURI,2019,03,28,19,53,10,074,0x3635e608d9ce9d02a18f379e963265cab0f078a8587c6271c0450c61d2e21667
setPolicyURI,2019,03,28,19,53,33,683,0xe97feeb5932400ab4558fefd66cf234f6b092ee2e4d048e900ab44b8c7877fb3
setPolicyURI,2019,03,28,19,55,21,331,0x4d74cd3b500dd4b7ed233bcdb3858535fae26c4ee096f9ed1d90c64415ca71f6
setPolicyURI,2019,03,28,19,55,46,191,0x76ea8d01d06c9d8d3211a6c27d1031abeffe7a372198205e5dc09e2c3e0509dd
setPolicyURI,2019,03,28,19,56,10,060,0x5382ef1d64760899c575d0a27b1591e9374f38a75ee4241f26927b4b64cc3c11
setPolicyURI,2019,03,28,19,56,35,332,0x30a7ea8bfd4b9e69a21eb6918fc806a4480f546ebb5be6e016252c0eb580827d
setPolicyURI,2019,03,28,19,57,13,793,0xae3b2a3dec926fc890a25c765ce5ac3869024f2711e2acb06560c4f7e0548aae
setPolicyURI,2019,03,28,19,57,37,773,0x3bdba17f9be616d0d511098233137abb0d8d96154cf6260068dab7886e71438f
setPolicyURI,2019,03,28,19,57,59,379,0x70df42834669fda4e8fb998d03a9d2189324ec595283d747e4faf597545eb9d7
setPolicyURI,2019,03,28,19,58,41,659,0x8a50610ed377bce482deedbb6b3562d2aa2e0fd5439fcdb963e5ecbb8afd1f44
setRoA,2019,03,28,10,55,52,738,0xd0b6c5e44c40cddd085a97ef1b44648e6871c9a1c86edbd652f538d0eee42477
setRoA,2019,03,28,10,56,17,243,0x116fb7bcf08b18e824f3a8675deae97a8d6b78b0b16ffbdf6b6d9e71d6f0e1b3
setRoA,2019,03,28,10,56,43,682,0x9fbee118270ee68405595eba44257d62307e45bf3a79b0d46f94ed7e7c68c4af
setRoA,2019,03,28,10,58,03,283,0xfd881df32c6883d020e5dfa740de9401a4a6474c1fbbea3b6e329c27b5d3a051
setRoA,2019,03,28,10,58,52,579,0xcf4848e4277b67bec663bc62dc1aa1e60a272c04136ca5a04310be7703624004
setRoA,2019,03,28,10,59,39,284,0x4c687c6f3108bfdaaef2ec4ee28e5628c3d4c37419b9f4a096671524e1cdfc6f
setRoA,2019,03,28,11,00,05,979,0x51db3c3e3f87c3f11e6e64e867bae5e3271cc05a68950e048a5c3bd4085bf1f9
setRoA,2019,03,28,11,01,05,549,0x31c26ed1e40c4735d51db6f715d421ebe27bb0182f95a4806e1fa8b81a710cc7
setRoA,2019,03,28,11,02,11,705,0xf13ce0899c2dfe5f7a86026449dd48fc02c3c1e02f8863b5f83fa26353e98e2f
setRoA,2019,03,28,11,02,47,947,0xcc74d7df0f6374e8cf8ced8217ab3199c447b2ee9156cfac49188b0b0c5ad779
setRoA,2019,03,28,13,06,00,236,0x9cbbf7f359d9b8ec3acc8b58485b9f1076f3116c5b1ed46834b7e76bb4afa022
setRoA,2019,03,28,13,06,25,749,0xff2046bbc79e6804434942d8f5d29f5d5bf4f21ef3da5cbcd3ccd26ce577a93c
setRoA,2019,03,28,13,06,45,670,0x03b25a2f2c59a3dbc03c67cc70cfade0b733d655c5569a7bdf22388ff5d6e3c1
setRoA,2019,03,28,13,07,06,517,0xbcb8cd7e5d95b033f6a7ed5dd92ba6ef1d8af842ca929fde1b8e5e9d997a6f89
setRoA,2019,03,28,13,07,49,769,0x305f06fac6ab76e6553e515894a3fcab643c0f98c057c6ebe895a2b7613cf077
setRoA,2019,03,28,13,08,28,692,0x9942425689ae8ef97d85310467fb6801d1af179195e4c8d9eed34cd07ef4ee8a
setRoA,2019,03,28,13,08,55,398,0x67d2885ec1677d3527f1b35e07e2e3cbc3334bb97934e5f9ae955b68a2cb3ce3
setRoA,2019,03,28,13,09,30,013,0x599044b5f5c4dcad7ecbf0a9f59e5b21eebdf5f7af1031293c4363f24a391040
setRoA,2019,03,28,13,09,59,629,0xa2f1d47aa8697bf12ea86e39bea98480766fdfcba2f845cbdd42eae3bd5dc76f
setRoA,2019,03,28,13,10,40,559,0x8de33dae376b0d00051ac16b9160262ffdd54359a8d0e71fbe7690c02f420223
setRoA,2019,03,28,13,12,04,096,0x9224faf8582b1a2e4cf29c0980c7d82d87a171ea03aebcbb59da80c1406cfcf6
setRoA,2019,03,28,13,13,07,411,0x4b248d6b4e7b3bf88c580ab8b011aa3c9641ecf11ec5f083520791816334d646
setRoA,2019,03,28,13,14,39,556,0x4b5dbaf145216ff91556b8c80517c2760385227f3410de2491959da8762951e0
setRoA,2019,03,28,13,15,14,281,0x98119ff6a8c85fe452807854c43e9468fb1990fe0dac19ed0984604b0500c3d0
setRoA,2019,03,28,13,15,58,906,0xcc9365fafde05172646d6e87cdbdcc21f293061edaaae8255da831887f6c24c6
setRoA,2019,03,28,19,17,18,740,0xd6ae7c46ce36a9f25cd600d720839260075654e5a83706046e38739e5571d9c2
setRoA,2019,03,28,19,17,39,406,0x3dd0427415f6ef9b10e91179a66637ace28c33564ff2e58253670dabeb50c12e
setRoA,2019,03,28,19,18,13,701,0x375c64a65c898b16e3a3a5319b495b8127c3c0c964ff8bf902cda89c14d9ce39
setRoA,2019,03,28,19,20,02,115,0x71883bd17364f7940c339cb8929398c0cf5aac21f984a47479c2b8fae2f2ef2e
setRoA,2019,03,28,19,20,23,635,0x4c99e2433463f1cedefaf69cd27bca182b4cfa736dd4a5eadc17b050ef9dc697
setRoA,2019,03,28,19,21,03,752,0xc672bf4c6ab4167d987f759f3a7069a2592d1d00647f749dce46ad7671788d41
setRoA,2019,03,28,19,21,22,424,0x0e2b3db320659a88ffd69fb0244ec986283fd74ea70ce49aa8a6fed310eba459
setRoA,2019,03,28,19,22,25,309,0xcba4de3d1435c111780ec41fb463a9ca3a9a66197b2bbd32227c2a27d116d3e6
setRoA,2019,03,28,19,23,45,434,0xdc025ee04a27c4a9b66747d379576fabc3f6c722f5d20a171770efd55e86ee34
setRoA,2019,03,28,19,24,22,100,0xcce896d8e342ad3e23b9efe3a262503dd3ba64677caea381a01216e24f1c375f
setRoA,2019,03,28,19,25,51,380,0x102dbb39db3b80ad27da4350a0ce8d17f83c106f004d5540c865d82cf5bd25db
setRoA,2019,03,28,19,27,58,797,0xacd524073115ab9cecf745b510fe8850f9e2228bb78064dea47478651f63e3d4
setRoA,2019,03,28,19,28,18,468,0xc9cd3d9d71744e5de1ac383de82049b91ba15397be9c3b4dffb145a5375c7ad1
setRoA,2019,03,28,19,28,45,502,0xe1176bb35e9809e38ee9344a0a78a4079af4567bbbb3e2f41dacb5f2de496d42
setRoA,2019,03,28,19,29,10,247,0xa4a21ad23dcd6f9ca563cd0fb1508acde2c53b8a8bc333147fdd182a54d2a8d4
setRoA,2019,03,28,19,29,56,799,0x6657e131080d2baccd33692c7d2adb79bdbbdcc3915939737aa852ce351ef8aa
setRoA,2019,03,28,19,30,48,986,0xf9728551b11843f7a5d83eae03fbe50cbe0c271936f4eedc2e2f3e679b49b9d4
setRoA,2019,03,28,19,32,08,382,0x935cfa8fabaf8a93b73df6f78f2d7da42c70a0f541a364270986e0e628bdbccf
setRoA,2019,03,28,19,32,28,880,0xb76d0b73fd175b4ca5193b32d2aeabf6b1c6d0900762cdb2c4f8561f6b609906
setRoA,2019,03,28,19,32,48,667,0xff42a1b27cb66ccbc9317f03ee24fd73f613745f840acdaf765b760cac5e86e3
setRoA,2019,03,28,19,34,11,622,0xf2adf392530a4faeb374c576d7f80ba7cedf25a038d44aa783e4c1dac0ec7b28
setRoA,2019,03,28,19,34,36,625,0x37a920f1b84390d0dbccdce15772f8cf1fa09dfba48596637431ead652174254
setRoA,2019,03,28,19,35,00,217,0x962279d24daed0cfb373405221079a6eed4b2454d81e9cc05f54fad2c84cbedc
setRoA,2019,03,28,19,35,22,145,0x8829b97d81594a2b179bc3f96634b28c0673ced51aa07fbf10398877b0adc691
setRoA,2019,03,28,19,35,45,759,0xd18d2efb1350080f6eccc2ddc63d16058ef10776004418b9aa7920d1edf29dea
renewPrefix,2019,03,28,11,20,10,082,0x6b5b5b019366989f4a684cff9901126a3072d1adf999025a1f1437347240d188
renewPrefix,2019,03,28,11,22,41,953,0xec0d5debd3f359057da62466658210b6c4aecc00eeb11e8948cf5edd0d82bc74
renewPrefix,2019,03,28,11,25,00,440,0x3028f93a7dba185b8b4c6df2fa51714891bb96c27d6e8cb7c73b54d912975bb9
renewPrefix,2019,03,28,11,26,03,736,0x70005588a780b8e974e7a044ea0dfb04fd51ac558722f2ca96aefcf8032a12a8
renewPrefix,2019,03,28,11,28,39,814,0xc9ff8509d04215354d2ec2d181c7ebcda9ba71bb844a918918e95f9895b5f317
renewPrefix,2019,03,28,11,31,18,322,0x86d65e4576bc1fb2c9f6538a5c07075f1955833a67ddfd0d7bd5324be4173805
renewPrefix,2019,03,28,11,33,45,039,0x756a6bc1fa5490db573f0ce1dfa3a0c7c01c60926c9abe050098c95e5dc9795a
renewPrefix,2019,03,28,11,37,07,139,0x0ed03dbed2521bb65e98a0c02a882f95e0a45edda2c2d781977d25cbd7657895
renewPrefix,2019,03,28,11,38,54,595,0xe8fdb07c60a827066c49293c58eb10d9816b9a3386148531f9c0620180920f66
renewPrefix,2019,03,28,11,39,27,962,0xc640bc8f278105a5f0898bdd5d3dfef06d7321307b6b0ef2516a29fe34aaef9c
renewPrefix,2019,03,28,11,40,38,753,0x0f6b09cc7792ef194be56cc48c7ddc04b3797eacb76732719285ab8415c26f93
renewPrefix,2019,03,28,13,29,45,507,0x3f5f113f2b31c0373810feae27a15939de2c6bb4ff7d7f2f86199c0412c26f4b
renewPrefix,2019,03,28,13,31,33,611,0x31e412d765d36b21f3ba4fdbd3e85c80d78a8f64040b4659881b3e5c735e5b4f
renewPrefix,2019,03,28,13,32,12,645,0x930635a8b9adb4459e2c3aa10ba29148cc5a38b01559dd3f2a0c7f12bc887341
renewPrefix,2019,03,28,13,32,44,452,0xca147f74627782e54f7802035a3ea4ba291bec266674401422219f1f152e7930
renewPrefix,2019,03,28,13,33,10,353,0x6e3bc108428f3bc97ba6648867009dd8c73246574ad3365c644e64dbc49ed6aa
renewPrefix,2019,03,28,13,33,32,406,0x5c68b079732b975c8accd2b269a5f10f24bd8f42a8a43de50234ce300e49dc90
renewPrefix,2019,03,28,13,35,15,098,0x2d2b052c9ccf12340b838766b167e8531b9b3180eacb14cba0780ca58cc6e1b4
renewPrefix,2019,03,28,13,35,58,829,0x3647603fa6eb39af806f7eea98323dbe029b205450e5fd5717e07261969d2925
renewPrefix,2019,03,28,13,36,48,531,0x79fc6f13a16d1be76c2b7c9d4c9dc7121b33d4f0cb0a31b76a2fc1c285788f80
renewPrefix,2019,03,28,13,37,14,592,0x5a728a02f03bdc469cfae7ffe34bf1de23ecfcee9d3c4c5af789064c9b553fd8
renewPrefix,2019,03,28,13,38,07,474,0xe287b7751d467d2dec77fecfd0c537ae85c97626509e22d4d5fa07592f410cab
renewPrefix,2019,03,28,13,39,33,043,0xb5347673e7e1e4e359bc63368234ad86c4af5a6fd452cf583b9d6a4a85fcc7dc
renewPrefix,2019,03,28,13,40,48,562,0xef5d1654d56353166617e654e5c51fb43477416194442359aecc938c3a297c90
renewPrefix,2019,03,28,13,41,31,909,0xcf4d9f69f7dfd14f685ca051e6ee5ba840ac440c8b25fad4b67c0a02f346c578
renewPrefix,2019,03,28,20,00,38,631,0xa50b97e7c89bb115c52bfaaae092e91d3ee0961ba94954440c9046dad3e6e093
renewPrefix,2019,03,28,20,01,20,942,0x2f508b5dd6058ef6bb7897581ab21cef24f2fa765160a10e8c34d8f277b85a77
renewPrefix,2019,03,28,20,01,40,817,0xc73b990163b9988bd80d2b886d399d31e847a2f462d2173bde17c146401162c9
renewPrefix,2019,03,28,20,02,53,139,0x2777d72c3144bbd926b5ce4fde071ac650a82d89e83ecf52f8a61ee6386a1d4c
renewPrefix,2019,03,28,20,03,13,523,0xd228f5e037e6f1f46f87eab33b03f3255da229f55077be06d7bd1dbe59c8b934
renewPrefix,2019,03,28,20,04,02,703,0xeb961ccc6aac5a452e76992ab803f41a6e9eef28dae78091cf78037ccd72ae31
renewPrefix,2019,03,28,20,04,26,227,0x3449227a8c3e0e8752a4a7c775a5888de364a2aa2c2486c60000dad235645f3e
renewPrefix,2019,03,28,20,04,52,680,0x2ec1cf35b3c14aff20adbc4f144302e3e215ae1858dc351a4635d0465706e8f9
renewPrefix,2019,03,28,20,06,25,984,0x185cb374ab2f6f11bc6227ebf30799facd6ac30e20a841ad53eba66f78fefdd7
renewPrefix,2019,03,28,20,08,15,594,0x0431badd27db126e65432b5aae896d574922624087c98bc422a160bef0a85546
renewPrefix,2019,03,28,20,08,37,497,0x6f31b2550b399b822171d58210473ab888d40717b40186bde00b04f5946ade9f
renewPrefix,2019,03,28,20,08,56,919,0x7cb2555fd017b01dacb9aef62780bdac54027f4ff7df5206bcf57ab409fcac74
renewPrefix,2019,03,28,20,09,50,422,0x2a7f045f59e27c31134c02ed7a5d4b57046c144ca10e82310f590db72d12c478
renewPrefix,2019,03,28,20,10,10,092,0x81fd9376d2cfebef1ffd7cffeebcf3326eb91c0f0b76913dc4c6d8adcdb5a7b2
renewPrefix,2019,03,28,20,10,35,002,0xda3ae86808ba23a44ff4131b53e15f658e07e75ed922a5702f5af23a7065c690
renewPrefix,2019,03,28,20,16,41,907,0xb18b9be1b04ea6534074c3fac5455c6e7e5415b21813e22e549ec1b29e45c1b5
renewPrefix,2019,03,28,20,17,21,083,0xaef04f1b630e05d6e30c6251206e4366d4db72556dd2fab016c924712db45f20
renewPrefix,2019,03,28,20,17,41,994,0x9f1707f79ffe8f313cc9408c86a087b58f86c9dc2e3017ad1d9c403b6c10908f
renewPrefix,2019,03,28,20,18,02,157,0x3c1347fc1d5996e4bfa77b2f2b1cfb10cfc78dcc71eede0d46004ef93c9a3663
renewPrefix,2019,03,28,20,18,36,074,0xca07f5c117f0743b6097d15303582414d23d74e234efe8dbba51ea0e38d27d4a
renewPrefix,2019,03,28,20,19,46,969,0x13b0db6575c5f477765abda9e49449510f4006c0a9f497ea5b40205cfc6f918e
renewPrefix,2019,03,28,20,20,08,945,0x8e35ceb3db9de0ef023c71275ce03787a55c67e570b42bc3a230bebf3b6ff048
renewPrefix,2019,03,28,20,21,04,048,0x799552c65309ef9218a6c3e6b430a9d6db6351fd239bee642b023f97d1051667
renewPrefix,2019,03,28,20,21,26,761,0x6eb28ecdc4a5b1b8ad9116861b86455104c4e407a1e8d6c33c0d022e21b2099c
renewPrefix,2019,03,28,20,21,49,033,0xd7b8844ed4f5253bad80f727bdabbd41b70412804b38ab72f91043ed2717a163
artificialExpiration,2019,03,28,11,41,48,883,0x6fab4a035ccd0f2ef4040fca2237d14bc90bf453cee8ac618e02287b68e4c04d
artificialExpiration,2019,03,28,11,42,20,653,0x2bfd15a8ce80d3929ae5b4922eb4749ec58b51403b488085fe6de39fe86a8405
artificialExpiration,2019,03,28,11,42,46,507,0xc048c2623c19f6a3a44cc27ee7e1c5de183c5035d771efb5ea6f05e3a087e402
artificialExpiration,2019,03,28,11,43,44,587,0x6c1a9a38e9979ed487793fda9da02f36c4101834b59bad63e6041f1242d835b8
artificialExpiration,2019,03,28,11,44,52,849,0x9dbe219b2c3940321354b2aa0ece55d2aacd811c3a8dcdbd4d9f12d827c981a6
artificialExpiration,2019,03,28,11,45,46,564,0xa3cc890f68be5204e546f5f0c1a7b0aa0da22806769844201a42516b5a24a2f2
artificialExpiration,2019,03,28,11,46,23,404,0x147ba46d0e727cf3e3d233d0ebced36a5bb1f672befe9727547e81fdcf8b0845
artificialExpiration,2019,03,28,11,47,56,255,0x671ad5f19fecc371768b2a0fe1e3d7ab8da0f873d4c6be8abac4ededa13894bc
artificialExpiration,2019,03,28,11,49,01,839,0xed00760d77a9f9f72e65f79e63e5824c9144b035126c94e4a156370d78cacc7f
artificialExpiration,2019,03,28,11,50,01,055,0x30bdd1ce93d91ba0d928d3a37db765d71c2b0c7ef3501f1fc179270ebb69062c
artificialExpiration,2019,03,28,11,50,35,206,0x4b8153746297b05037e8414180cef946cf90f94f1aa544ec6c658ca841674ff9
artificialExpiration,2019,03,28,11,52,33,921,0xdb9644679acf7c2ac8212a240251c6d9a06a6c54f2a93e69307e9d10ba43b1ab
artificialExpiration,2019,03,28,11,56,48,362,0x501b145b4d8d595d9a40482d36176dd1f2ddeacf705c9eeaf2ffdfc5c7b0a22c
artificialExpiration,2019,03,28,11,59,33,625,0x5b0aae1fb2f34ea0ddcfc938ecf80c266c62d35d4b9fb4b69f068296d18fbdf5
artificialExpiration,2019,03,28,12,00,35,664,0x961d19cf7e65090a386c2d3c7014827a9c0e3cc6b98e2a839427efbb07fc8f59
artificialExpiration,2019,03,28,12,03,21,788,0x0f562095906d50c3f86eb69ab593dac5c7f688221cc14f9b323f05a574e1fd37
artificialExpiration,2019,03,28,12,11,51,600,0x5a5cc4001d5a830e59479599226a001182e4e50bd353d5492d584e203e1469ef
artificialExpiration,2019,03,28,12,12,41,863,0xb063be2fbff9b20cc7c76fceb9665e05bc15850b5695208d5392f2646652a4d1
artificialExpiration,2019,03,28,12,15,01,174,0x454411bd4ca42d2210c8fed395e531eb09293fa714c508c6981cd573d6959c35
artificialExpiration,2019,03,28,12,16,01,397,0x3eebf4dc3e1988965f1322f5d8486e23cca91f315ecd4729770847158eb471ef
artificialExpiration,2019,03,28,12,17,03,780,0xe0b1e1d2aa4c01934eb9acae3d5525d3cc6bbfeace364c0ca423564d3190dc18
artificialExpiration,2019,03,28,17,39,14,597,0xa0c8d251221cbfc5dacd4c75e91f3018d0a45ffe6cc27c5c63ea9aa41e4eb952
artificialExpiration,2019,03,28,17,39,48,189,0x808f27a8f7707624a718ed76d83b07efb7830b71ec14a1831ab419c4f0336c91
artificialExpiration,2019,03,28,17,40,32,774,0x3c5c446d4713a64a097879cc490201cea921104217893c9b14b3decfbe7344d2
artificialExpiration,2019,03,28,17,41,00,414,0x3d0aa96e25963a0707177a6b883de116d5da156e8632c1f638a02799570ece69
artificialExpiration,2019,03,28,17,42,00,665,0xb2349224f1cb23baf2b0300285027303e96d02a11bace4dc82a7ad43425818dc
artificialExpiration,2019,03,28,17,42,49,168,0x5fc71c3f20e5e80d696cdb0f9bb5344ad2582c9f2156c25e36599ab621304105
artificialExpiration,2019,03,28,17,49,03,390,0x0603d5faa1d13deb4f5627fe7810525a6094369a70d5b99fa724e97e9521135b
artificialExpiration,2019,03,28,17,49,35,565,0x2a0adbbff0cf452956a86843d2677dddeb50df7c566483406bf9e89402f5fbd1
artificialExpiration,2019,03,28,17,51,24,361,0x0a96d8d7695eb1f85430b82bce20b5f8bd410ff090c3f966a125a76d8c636869
artificialExpiration,2019,03,28,17,51,44,632,0xabd0895531e6801a8b277532c90fe434d3a15e751bb09fca672d2417ac011796
artificialExpiration,2019,03,28,17,52,16,954,0x04df96a6cce0e535ef9945322eb57d82765cde229b00fec3bee6d1c6a5b07fbe
artificialExpiration,2019,03,28,17,52,41,786,0x8cca218b970521598e41f6cbf60ce83e38440f7215b5080af8974703f21e1a68
artificialExpiration,2019,03,28,17,53,43,354,0xe7f2ed850bc9b4f89ffce4845283f16482c34e2cd8cfcba023c2342679023abe
artificialExpiration,2019,03,28,17,54,00,338,0x24f730c6fcb13d93a98213b13bf9712292ecfddfcc04f7cb11f68633089909be
artificialExpiration,2019,03,28,17,54,30,918,0xcce387df4a2830c0eb4c1ba928656595d4f859f939e37c7cd3b1f012f03c7ec1
artificialExpiration,2019,03,28,17,54,54,266,0xfa4081820b6729e14299fdeaa1890f6b4c4e8d6e7902d691501e34680e2a79c3
artificialExpiration,2019,03,28,17,55,54,146,0x4533732c3b1889bbeff551e9fe493dc03d45ff648e8b027a09f6a98977e79f26
artificialExpiration,2019,03,28,17,56,52,148,0x9a67d311425e29b6c3c0667fd32de5fa584395c7edceb595cc3fcbee8f625eda
artificialExpiration,2019,03,28,17,57,15,119,0x6aa18a18c996f653f1175cdf6e6dbdc526dddce14d9f47b5c2d6698eb6d8de7d
artificialExpiration,2019,03,28,17,57,35,709,0x463b4d2f3ea3b9c08461c24eea475021309e79dcd99095676f1f732046a83eed
artificialExpiration,2019,03,28,17,58,04,789,0x911cf87d80c2210a2d363bdd8517de3928c10fc667cc3e8885e1be9e77d88d20
artificialExpiration,2019,03,28,17,58,37,017,0x81fc099021aac331d5b6269f9bd6f34369b5a1627d0621357371139733565115
artificialExpiration,2019,03,28,17,58,58,127,0xb2faea09a9c0e4e3dd39b1952e4a046138d6d86fa68b0289a9370e245542bf05
artificialExpiration,2019,03,28,18,00,13,557,0x8349014df28d5fead09bf9e24795e3fd6b016c11fde2ee3c57721daa2a2bfb47
artificialExpiration,2019,03,28,18,01,20,750,0x264b1eaaebfc1df163d477e86d6c74b2cf2be2baa98145f6ad73ee350b73bc52
artificialExpiration,2019,03,28,18,02,02,721,0x9c7f9874fd383ee98bac9ecd1d72df1aad3a3165d622218543c6d5c25cee1cd8
artificialExpiration,2019,03,28,18,03,57,736,0xbcf752169b5b5f87d11bf5fd697e5ae2a8f7ff747cd77294f8c5dd7cb822a220
artificialExpiration,2019,03,28,18,05,37,372,0x677b016342e747f52c7025dbf0a52d339db45d8b6dd8cd94951b98d5f0b79609
artificialExpiration,2019,03,28,18,07,32,948,0x3ff102f85f1b978c9f6561330b7ffb99302a91c7c9001112ac30d22fed1f1e24
artificialExpiration,2019,03,28,18,08,23,985,0x8dcdf3e13169aeebb40364a15fba21fd0adc2fa69f7b44638a760bda08756c5c
artificialExpiration,2019,03,28,20,23,09,020,0xc688d49d1b8dd357bf119b26b2ef3ce0b02d656b2208988a2b9ab67227a912e6
artificialExpiration,2019,03,28,20,23,31,348,0x91c9f7e28b2c64341b8714d8637e30b2f39f29202a442c481ca48bb276ef6053
artificialExpiration,2019,03,28,20,24,04,813,0x9b0414ab82920d480ed277cf0f08e082569075b3b01c03a9f2783d044c27c6d6
artificialExpiration,2019,03,28,20,24,27,903,0x7de88d34903705fa813ae7439edfd89a681d9e4a2cc9d23b4888c4c23ff8a18c
artificialExpiration,2019,03,28,20,25,53,302,0x97a62c6933e4de1f78b947fe96ca285d02a12936cc676d0fab2df8f7aa38d744
artificialExpiration,2019,03,28,20,26,20,091,0x7398f33fa01496f14f1abe355267224de3918cd8426b53bca3b2620dc9b3a84d
artificialExpiration,2019,03,28,20,27,01,297,0xb14a94cae88eb903a0da7dbc5aa991bb9bee91e526b0a433edee062e5a05728f
artificialExpiration,2019,03,28,20,27,20,032,0x95fdc195e6418ace5d1777423daa638d0bfa54cb61d3cc2c880d26983756cfe3
artificialExpiration,2019,03,28,20,27,49,577,0x61b101cffa728578cd91712cf4c39e836a3fff51201fb1f21696ad3755d77bf5
artificialExpiration,2019,03,28,20,27,51,875,0x85077a975d3aade227e50214b8c32743cfdad7cc281042fd8ecfe9296560a90f
artificialExpiration,2019,03,28,20,28,23,761,0x8f0034f7379aafc3822136baded46f3ee5127ee4f3c96b6847e512fc33b2c14b
artificialExpiration,2019,03,28,20,28,25,138,0xcd8cf302694c80cd99c0f4a38678d6119c5a9f414e382279cf9992f044d28509
artificialExpiration,2019,03,28,20,28,46,449,0x1e6b2d49cd98f2b611406339e82955b36613260c7c53272d31ca8e6310c4157c
artificialExpiration,2019,03,28,20,28,47,621,0xaa8de258da4692d7d517f7f0ee2f58abe45963c2816b0ba8f50bc4b2e17413c2
artificialExpiration,2019,03,28,20,29,15,299,0x61182c5f2494dca4c04d73f1a7b1eecd221d58cf278aff667bcf29ead1081c94
artificialExpiration,2019,03,28,20,29,15,977,0x29cb2458005af2ed3dbadfeee68d8a9ffa0042bc46a0bfd5d2b8c06c93affa5c
artificialExpiration,2019,03,28,20,30,07,572,0xc98a098b1d59086d454e4ffd055c0365ce82a94e8e79374ef274232de77fd3d2
artificialExpiration,2019,03,28,20,30,08,928,0x20ba4a4953c27e6534031d98542404fac3584e73d081b87a131ddb1d58e26a44
artificialExpiration,2019,03,28,20,30,45,533,0xafc07d31a1e173bb2170a04b56c493e6ef147d59382d18d7620ee179b6c0fc9d
artificialExpiration,2019,03,28,20,30,46,113,0xdeab785866fca2f4a925e45ae17ed5a94d6d0b196e1f0e9f907e691ab3495a7a
artificialExpiration,2019,03,28,20,32,08,352,0x7c385f8add21ca6cb14f97e530c16f86f4ec2b68512c7bae36392f108c9a6d7c
artificialExpiration,2019,03,28,20,32,15,819,0xc617b97478585ec3aba447d3765b401c44988552c07111cda02dea2cdb3c897e
artificialExpiration,2019,03,28,20,33,53,480,0xfea1c9f8db798f0de4661849fd1bd362340243216333c39df108808cc464e0c6
artificialExpiration,2019,03,28,20,33,54,559,0x9f362f0a2a20e0ad82be8a57d9d5f07ee8f77775a444661737b3c4543347b3d4
artificialExpiration,2019,03,28,20,34,58,751,0xfb64061d84938c86e102a8d373b98d62758c3717916c76dc1b4ef7602d7980d4
artificialExpiration,2019,03,28,20,34,59,621,0x6ffade6560f5516987c97e691dc7549d0de062d69d46bb42d97994f58483a8ec
artificialExpiration,2019,03,28,20,35,19,536,0xa918d81228725f8dac71783e78e94791efe29bbd26aa01fbb18ee361d8cb7dc7
artificialExpiration,2019,03,28,20,35,20,948,0x568e3c9d4c464a8fb52446ac52acd4617ca2c6f80ae7b503c083c60cae718c0a
artificialExpiration,2019,03,28,20,35,44,916,0x6602df4b278515dc1bb880bbaf3c68acd969f37248bcd08914dc18749b01811c
artificialExpiration,2019,03,28,20,35,45,711,0x417d6c92bab74386188b4962572d9d5d4357644e64775351cf95da218c4595be
artificialExpiration,2019,03,28,20,36,24,714,0x79e844d9271e522d5ee715ef2023e20eb54fb060a3cc1872f9b7e25edf796981
artificialExpiration,2019,03,28,20,36,25,481,0x4ff78384f1cc4c16c5d286b54cc4a89a8b3362f441b7752ebbb71d5b5aaec13b
artificialExpiration,2019,03,28,20,37,42,785,0x076ff80e896fca67176efefad752902cf49f0ede7ed68ffa501774533d57fc9b
artificialExpiration,2019,03,28,20,37,43,470,0x0f51bbc5880173c4e431627114b3ae20f601fd7f296d42e506c92dae9d038ee9
artificialExpiration,2019,03,28,20,38,37,626,0xd1723684b368fb9a003dcc3e53a6a95ee8d7634e6c20967918b936e6a2f89417
artificialExpiration,2019,03,28,20,38,38,480,0x67d0199de3c473cf28283c39eb400f594c07839615be8ac6aa7267b65783af1a
artificialExpiration,2019,03,28,20,39,33,848,0x3d8516b12ad9f90aaa89a85aab92876426cf4a7c38f2db6ac802fa06ff85d3fb
artificialExpiration,2019,03,28,20,39,34,880,0xf24cebcb773ffdfb3fbf18cabd7d351f67c70685554c127a9d9d8521ecbfcbec
artificialExpiration,2019,03,28,20,40,31,219,0x9439f9b9c3a4e4439ad1f299f41ef413d91a11b50a8ee56b96991b36b2064e8f
artificialExpiration,2019,03,28,20,40,31,958,0x3c870333cfa5d5e55c90f3e313efda5f99f18e0cf18d8c0f588b8ebb9cb278ea
artificialExpiration,2019,03,28,20,41,00,273,0x2f10e182b133de6de7d50e284b1a2255e33cc378cd04f3c72d0c99c07eba30f5
artificialExpiration,2019,03,28,20,41,00,832,0x67770e59733032fbb25bba348d51dd211417056a09464c5b00e1fdf8b012bb65
artificialExpiration,2019,03,28,20,41,57,483,0xa2572203696e3390f843246cbefd8f1941a0b6bc32a02d17834fddab430589c1
artificialExpiration,2019,03,28,20,41,57,920,0x84871ecf35c03bb2ceffb4c92e50540b1d48fc129d97fd955bbce4e563f236d7
artificialExpiration,2019,03,28,20,42,35,886,0x3315300920ad40f0c14b90b339ea18f35d0a47af3dd9aa84bcb2a156edc0d401
artificialExpiration,2019,03,28,20,42,36,094,0xe7b34ae6b293c05d6fe9139bb0fe400fbe04ca91ddd2470db0f35b6fd7ef52d0
artificialExpiration,2019,03,28,20,42,57,869,0x88aa8fb16ad3b87a91ea60a16c336aeb69737b5a2b9aaf4cd5b0f43a7ebeddb3
artificialExpiration,2019,03,28,20,42,58,273,0x39375a144e0d1d72e1ecdb48639dcfd6e1226263a3012cc37234e0845ac825a9
artificialExpiration,2019,03,28,20,43,26,518,0x9fde127bfbaaf252629e246284f01a8922700e910a9999dd98bee3a1736aa7bc
artificialExpiration,2019,03,28,20,43,26,723,0x32d3cc227b1265b5df33f1a8bbf0f4889442be5b92bf185c6a0e77cac2623116
recoverExpired,2019,03,28,12,18,05,192,0x206567079c44a4846d57ac7846b4a153c607f9f38567e42765594b200079bc4c
recoverExpired,2019,03,28,12,20,42,962,0xc7e020aa8e15a3e4981d41c2b80922d11d6a89ccd530e1933f3f549f306c785a
recoverExpired,2019,03,28,12,21,48,442,0x7eeae4654b29ebc77bb9b89430e8089ff455ec786fa3b59d7bfc7173f0f6d599
recoverExpired,2019,03,28,12,23,25,059,0x7ddbd0668ed1dd2a1021c0a632d6882c90ef9a41d46fadc2b70b3b3f822a0d14
recoverExpired,2019,03,28,12,30,11,662,0x0501dde69cb59d40f71a53ee2648179e37c3b9aa2bf9b982160d6ebe60ab5d82
recoverExpired,2019,03,28,12,34,13,237,0xd5215ccebca47ac398b123a93c98029d3499060735c2fd1fc69a04f787e2f914
recoverExpired,2019,03,28,12,34,40,503,0x10dfa0db5e31588493610fd37c1f6f8f2e52846d428d1c3e61af1e20055f16f6
recoverExpired,2019,03,28,12,37,40,790,0x588136b63790983e14cd674c7452e45c4c2cad06c5c975b670118e2364aa769e
recoverExpired,2019,03,28,12,38,01,071,0xbfa0bcbf1cc36d0a4ca1fdd505ba57ee0e40adee51b21783cb67db121d8dace1
recoverExpired,2019,03,28,12,38,27,410,0x3d1f5ef9a67a8f8f6888cffef04c8a12d54bd71967275464af36d21c3333772d
recoverExpired,2019,03,28,18,09,06,757,0x23a13c86710d5c26ce0f949cf05a56c7fcbce216c92be3e625363849e3be694d
recoverExpired,2019,03,28,18,10,38,803,0xf5a2d1f15e584fdbf81ad5c1d4783b62ea1764fc8c62b2409549c2457c5d24cb
recoverExpired,2019,03,28,18,11,06,974,0x3e920e4210a8008d880751bac76036e33059a947288e9414277507a9a092416e
recoverExpired,2019,03,28,18,12,01,215,0x4383aac58d04e5227c7dea3ef15abb4b546558b844fd2d95219aa76c89b701ac
recoverExpired,2019,03,28,18,12,22,697,0xdf595b9b41210a3ee8b6d2b0de24fd7ae8859b81fd0a44cf9ed73a7e860e6eee
recoverExpired,2019,03,28,18,13,42,662,0xba240073ca3981f2c7eb7e3ee19390554ae057edf25a0062be8531965b6286fb
recoverExpired,2019,03,28,18,14,19,739,0x9c3686d5e759d0e5e29aa9786e0c62aff9f404e8c04189a3289b4985fe87a832
recoverExpired,2019,03,28,18,14,59,831,0x4b3ff188a676c91a669c952adbe1cf29d0f0f3956212a2bdc526ed6b989c0530
recoverExpired,2019,03,28,18,15,38,487,0xacf037f1ad4bd3ca275f8401ace507a796a5a7a5dec4cf4de032f5454f52b923
recoverExpired,2019,03,28,18,15,58,091,0x1498c3c40326d5688f9d3cce409269ddb977d89ab8b25ae3dad1a696555485c3
recoverExpired,2019,03,28,18,16,17,907,0x0ef7df8c07fcfaee7179e4ac279c1ffa173665a1557f5ebaf13392c63ea9709e
recoverExpired,2019,03,28,18,16,41,519,0x31a702f38f51824f29aa155bcb35b7e7733a1c54cd15ce5409e7a75daae75aed
recoverExpired,2019,03,28,18,17,04,480,0x82b8dd203129610e053723daba3f30823bae57a0626f6517d9d10929b87c577f
recoverExpired,2019,03,28,18,17,27,499,0x770c3a409745259edcd5cdeace33a3002fbccf2b0ae0e2fd81b6b7745968caf7
recoverExpired,2019,03,28,18,17,47,481,0x82057fa0e9668bdb8c160616dc3b1539a1808696902656893be9e7ffbd98a978
recoverExpired,2019,03,28,20,46,18,804,0xaaaed0d3883d7eb653ab4342fda5b20094f046a5bb3fca6566b60fc9d9ab4797
recoverExpired,2019,03,28,20,47,13,982,0xc2362915a6abe2e814416010a2ff74941b78905c3165850b35742ef5346c081e
recoverExpired,2019,03,28,20,48,18,157,0x012ab725efbb418f93efb2da27d6c62d1860421a347a5c5b33d3ca57168fd895
recoverExpired,2019,03,28,20,48,18,157,0x012ab725efbb418f93efb2da27d6c62d1860421a347a5c5b33d3ca57168fd895
recoverExpired,2019,03,28,20,52,26,646,0xcf515a55eeb8b035d9e3a6150cde7ebbfcdc4325658f3b93124f1d36091078d8
recoverExpired,2019,03,28,20,53,13,374,0x89351aab76aa1af84572221a3d88e0e7eee168d46167a84a53a665a964f9e9e1
recoverExpired,2019,03,28,20,53,48,171,0x25a7a6f9843f3a4f612074deb575a05370be40c27b597c7c066307760367e666
recoverExpired,2019,03,28,20,54,16,920,0x43bdcefffbe7946d368c8f7664a7289f131f69b6b9dfcb65a7ead0456f2e46c2
recoverExpired,2019,03,28,20,54,42,100,0x088fbf843f188d151261c77d9a3910a7cd2f22cbf748820012b736540113a224
recoverExpired,2019,03,28,20,55,19,839,0x2a8616bdcb5be1afebf44a9fc08445be70ca6200f7d12862776cce390402b1f4
recoverExpired,2019,03,28,20,55,57,315,0xf3565b79687e43978b6748e502f73260f1f13a10a11ffb853a5b2e5bcb934efb
recoverExpired,2019,03,28,20,56,43,172,0xc805751279854bd1079f364c788b26b48131ca6e339404eb2dcf0d457a99e377
recoverExpired,2019,03,28,20,57,04,074,0x7105da64d55b496f54739fd2590941961b83271c810ee579daa2b3b1e3d48614
recoverExpired,2019,03,28,20,58,56,737,0xb8c623c54b5c672cebf3dbcc94fcd83e3c2d0b04cc90088ab4e7770a0952c7ae
recoverExpired,2019,03,28,20,59,17,826,0x1ec747bb7600ca31dfa42872d955fe5563af7ffa4988f50097cb26835394a291
recoverExpired,2019,03,28,20,59,38,134,0xb7cdcadc83aac55f415c79bfab676b4d4831f841b2ec294b774e77880ac0f1db
recoverExpired,2019,03,28,20,59,56,829,0xd55d730ec3984a4c4441117e7542a4ba5c3b9dafbb7a16cb79e7bf0e3b5194bb
recoverExpired,2019,03,28,21,00,19,409,0xb9b79b87bfca44b0e5e9c48c2d9e5cf3ab2b93113c99d965a950304a51d959b5
recoverExpired,2019,03,28,21,00,37,422,0xcffba412123cd414254a2d8cc111e42ec80b8e916e770b585a45453bdf840656
recoverExpired,2019,03,28,21,01,08,560,0x4bc659e3061fa6dd3ed5efaf2deb9c0c8d3abb84a354c019c5d3791bc828f4f7
recoverExpired,2019,03,28,21,01,50,245,0x65beaf8ccddaaae1b835c3a7d03b838451ec50444e4da967b799a91eb47a65ab
recoverExpired,2019,03,28,21,02,10,601,0x5ae6d699430505869d9b196d0e4083b933bb6bcf7e3d5cce569f81c9ceb583bd
recoverExpired,2019,03,28,21,02,19,675,0xa40abe81bab2c59c8f01bf1efc745d63e482ec4280e4c5ee85ef2553afadbc72
recoverExpired,2019,03,28,21,03,48,769,0x4e3fa99cba8b080d43242551547e6f628d48cd47ce306b9d466f9d188a62ad70
recoverExpired,2019,03,28,21,04,48,960,0x67340bc8e5e157e151751dd9eaae2033e274b2b4890aebb4ccc1b9af6dc1a06d
delegatePrefix,2019,03,28,21,52,53,732,0x6152223f425c05c4b762cb398862a8aa4ef82654a6bb10f670a76884d2160a1f
delegatePrefix,2019,03,28,21,54,30,586,0x1e371a4e0ac9a8b355a5e0c59ff828844ff757f72e5146bb651555e545b3ac43
delegatePrefix,2019,03,28,21,55,07,065,0x217b8e33ece2e6340ee218dbddb5e4f237041b98939239827b328f1b8e7c0d56
delegatePrefix,2019,03,28,21,56,34,960,0xaf2d06817ce8861b02d0e834f7e7142259b2808feacc97d103e09db348f974ce
delegatePrefix,2019,03,28,21,57,08,693,0x05953f64d2c0c21d3835a5f363b30ee446a4b3d72e045f357706aa91b523d314
delegatePrefix,2019,03,28,21,57,36,325,0x1678552ef99b042f4da4e44078f59323d1440270e2054239b01ef75ccc144492
delegatePrefix,2019,03,28,21,58,22,704,0xd23aeb60c2a1b149cf3b5c79572e0f0b7155e7300b9e98dc977ff2d783db648a
delegatePrefix,2019,03,28,22,01,23,402,0xe42559f57bce9300de0717a5909745c632ed0310080801ecccff7747d83911a6
delegatePrefix,2019,03,28,22,01,57,847,0xb7f0b1ce71845ca706e0789ba780e204fdd6acb17b31357f654b4e247bb15a6b
delegatePrefix,2019,03,28,22,02,23,488,0xb742d73f17a498d0117d7474b3e4d83b5e631bdddefbb675d074564c58e08558
delegatePrefix,2019,03,28,22,03,19,530,0xe89e5abb7e6ce59f2103045cb69f12c23bfd8f3702dd83f5abd4469f42300687
delegatePrefix,2019,03,28,22,06,03,356,0x167274a7e554ae75401a748325e46b2d2f0e5926d40f553de02f29689a33fc58
delegatePrefix,2019,03,28,22,06,35,872,0xf3a140378fe2d58233b6d0c75ad52d869c4fa57087ad29e6280a81e74077d281
delegatePrefix,2019,03,28,22,06,44,192,0xd96fd4ab4a1464e0b256e7604d2bb40aa7ad7ccf23947ee58c1a506b7eb46406
delegatePrefix,2019,03,28,22,07,46,227,0x7e2abe646cd89a565afd001fc302fdfd539016816f39182d763afe544302d255
delegatePrefix,2019,03,28,22,08,34,910,0x513c58cac07918d68b3e3e4a6f918b285769a23a75285d87094af0ea10b7bd90
delegatePrefix,2019,03,28,22,09,30,513,0x93e824948f3ff6e3ff5d8227947ed1e3ff8584afd444d28191467c82a06bfdd6
delegatePrefix,2019,03,28,22,10,56,566,0xf36479598b774dbc3903fe1a80c4e71b6864a2a8a065f967e3c8744688a09280
delegatePrefix,2019,03,28,22,11,26,367,0x200b53b5fe14de22ca0ddaa301cd7e45163f9010dedee66d03c24f11186687dc
delegatePrefix,2019,03,28,22,11,56,081,0x09988bc82d897b4e9b62411366f3f3fdc2b253f3e38b63dd59ed79ac1cf7549a
delegatePrefix,2019,03,28,22,12,21,876,0x50fe0bb3f654f87f3db4d5037d62eed6b78ab9c3ed52ae041d3912e5e45671b0
delegatePrefix,2019,03,28,22,16,06,379,0x0f54e5c9524b19a120e2d8a4135de7c22c1c876737545746a94626efb128fc3f
delegatePrefix,2019,03,28,22,16,57,262,0x2cb5b192e8503306ef859e7d1d28104c60d8b554cdb313d064aaeed720476339
delegatePrefix,2019,03,28,22,19,01,783,0xf3e42fd3069aec8f9881b4a278fbc7fa49277cf01e06e1c80725a16508ab3357
delegatePrefix,2019,03,28,22,20,54,766,0x47051fb6ffeed35d7d97c46a876fad93b46fe64ef678d2272cafab5deed542e1
delegatePrefix,2019,03,28,22,21,27,356,0x4ee52b9ef149727a31492867c2ed3030e4d0881d73351e4d407b777aabe806fb
delegatePrefix,2019,03,28,22,22,20,423,0x3fd4476fffc1051aae187e8f9ef887a75dd5ad956f32439f89c3c968da32c56a
delegatePrefix,2019,03,28,22,22,43,766,0x2bc97d1e860ac5797d206b1a813da457020fc28c264e1157b08352ce297b22fb
delegatePrefix,2019,03,28,22,23,40,967,0x74e4aa94bd81a966855310f7598c890c8f681483568c3c1b9eb29450372d095b
delegatePrefix,2019,03,28,22,24,29,369,0x69e5e20a4c642ba505df49a86f537d30c134b444c4aa4c0a4d91ad16d65bf582
delegatePrefix,2019,03,28,22,26,25,383,0x5564e8a8088930aaa71324b528ee10efca09ff96efa3eba23135d6db018b5f62
delegatePrefix,2019,03,28,22,27,20,857,0xc51fc0d0741e47f1a464d1cc1a585652157de798a69b5a4f289bbbe31c82fd2b
delegatePrefix,2019,03,28,22,27,24,858,0x64db17fad91e4e2b36e046383fde802455b66d8f6eb2a7b2ba1fee3949fd273c
delegatePrefix,2019,03,28,22,27,28,254,0x0c5b8b96e090838f6d8c17ac1b8dc45e0ced286f9600fe1f584459bcc75ebaa7
delegatePrefix,2019,03,28,22,28,16,570,0x900185a56136c452d9eecf4b61502de10f42ac36145e03aba387838f66f176e5
delegatePrefix,2019,03,28,22,28,48,120,0x08730eb2da7d63a576eed08c5c2fa5be3bfa36345810044621cee6fb165a46fa
delegatePrefix,2019,03,28,22,29,08,037,0xff2cd942e75e398a737ec04f4647f5fc7ffdd8492f16c3325e711835b5cbd5de
delegatePrefix,2019,03,28,22,29,30,881,0xc9c20f58034d6583731883cd415302c4f52ae9593fa761ab3ee0326f9462693f
delegatePrefix,2019,03,28,22,30,05,540,0x0c1a6389471e1acf70d8971a11fe789af3b7f299aa89ad82c21464fa74f1da43
delegatePrefix,2019,03,28,22,32,00,624,0xa37bcd7d1ea614f758fa8514d10db5cfbc61c9099bc22d1dee6c79cd207e372b
delegatePrefix,2019,03,28,22,32,19,614,0x18e9d1627bff58c31f7dfc459438bf019ae2535e42d9c16173f37a985f9384d6
delegatePrefix,2019,03,28,22,33,30,230,0xbaf3a96dbb74aa5e4c2f12c9aad395391cedd328b263fee9dfad212647e6a45e
delegatePrefix,2019,03,28,22,34,02,537,0xcc7a2fd2d3205afc3092e42dbe8b01e538d70b4c9045981cf6f50fee4789e5dc
delegatePrefix,2019,03,28,22,34,39,024,0xf57ba3771c93198b5f74ad0d0d5feaf544a1b93737ddd350c3b7241b8ae0f4e8
delegatePrefix,2019,03,28,22,35,10,733,0x96d958390d33f1564866e89f3d563100816906dcb9519d59dd83314e386bba8e
delegatePrefix,2019,03,28,22,35,33,774,0x00bb934706dec511236765217cd3e8cb5afe36be092b4ad5f691fb9ee657bff3
delegatePrefix,2019,03,28,22,36,17,461,0x39bf47565162ab39c6350d3da716d44c8fd910d25e43ce02679c6b749f234fd9
delegatePrefix,2019,03,28,22,36,50,214,0xd169ce99bee8d1eb70fae3c2db9ae08994c7f6af0aeb1de0f3740d5720aeda3d
delegatePrefix,2019,03,28,22,38,20,261,0x4af8fa231acfa065fffa1aa1df57168d7dfd4241b12da8d5abc2979f0dcc52b8
delegatePrefix,2019,03,28,22,39,14,349,0xec4720cf90d0b0739621caa3466890c1b8cb3da066bc0a68c0ee8baa5daebd84
getOracleCurrencyConversion,2019,10,03,17,59,39,985,0xa9cbfdc3ac6df17c9a8e453ae2485190cfd4f07c86dca99b4917854a485db511
getOracleCurrencyConversion,2019,03,28,10,14,31,739,0x84a645605d0c6eafa66ba4a6049b639de2e49aa3ec05d846a447ca273882167f
getOracleCurrencyConversion,2019,10,03,18,16,44,712,0xd555cae0533ed667b1b8539f97f9f90ccaaea7abf57c6aa6d7d24b317f6e3b2a
getOracleCurrencyConversion,2019,10,03,18,25,39,876,0xfb5be72131313083135bf65fc35ac129d6930887e1a40117f3ea55947eaf570a
computePrefixCost,2019,10,03,18,30,56,544,0xff3519eebc2403e557beee79d9dc751f75e550b4f300af73bdb7afc99e2ef5f9
computePrefixCost,2019,10,03,18,36,13,598,0x0c63c22e8819480eac1a35dd79f115c926cc52e2886dd1a771d3e3e1ec43ab1a
computePrefixCost,2019,10,04,09,28,44,111,0x491a32bb34a2e0e5bc90cb671430acd7c57fe6245c8f787569797365631c7a2c
getOracleCurrencyConversion,2019,10,04,09,36,57,387,0xc06e307ac2b6c12605ad77cd926f022b98172daec0fcf5b3328a5c2fca1a2251
getOracleCurrencyConversion,2019,10,04,09,39,50,319,0x43864fd957a7244c63cb883264dc11b3a10f66717ac4c6dbdb629cedd211f4c9
getOracleCurrencyConversion,2019,10,04,09,48,34,421,0x76fd088a11264ffc6a009d8a16d66e7827fcc0b8ea1b51e01a5b8b5c9e89d0a3
computePrefixCost,2019,10,04,09,51,07,269,0xd60cd5e91db4739c8d99970d2e81d839884b4c0048e88c9d04a71704a51bf290
computePrefixCost,2019,10,04,09,54,16,247,0x4417bb49d1e7668351b6dc19e6cf9737714aa5b691d61f318aee67ac908ea253
computePrefixCost,2019,10,04,09,54,42,030,0x40a62717b04e6ee668cdd26421301b8223bb04a6a5d0b778fae202af5731a256
computePrefixCost,2019,10,04,09,55,29,796,0x134f6c4104dde31b707095eb984c0984ec99ff2d9491e9f4265d91256ab157bd
getOracleCurrencyConversion,2019,10,04,09,56,02,181,0xea0fb42cec5613ec9c8bff7088271a2c456414cc83f463af04e44979d2abd5e1
getOracleCurrencyConversion,2019,10,04,09,56,25,811,0xa6b78b4b845658d8d27c6e3110e479413c06d7b971eb97615d91333f82685370
getOracleCurrencyConversion,2019,10,04,09,59,31,340,0xdaaf05f7cf92dd160f3aef0eba1e0dc572a60c27e7769418e3a7e3356a75c3b0
getOracleCurrencyConversion,2019,10,04,10,00,09,728,0x73fefd173b5e6894b37490c3b98f0819d32f69207cf5875cd742f677b582376a
computePrefixCost,2019,10,04,10,01,02,321,0xb00c7129770beff2e4a8c8259607e54a7b71f7c3cb641b2a9237a8c1ad19814c
computePrefixCost,2019,10,04,10,01,03,820,0x4d624fdbb6dd4e0948c921c545eb84829ae3b45c466e0c753151a9e9549b1a70
computePrefixCost,2019,10,04,10,01,04,666,0x36348d2a3425d66d986f669ed580c4ff2030ae4ef557ce287280d4701de5e498
computePrefixCost,2019,10,04,10,01,05,531,0xd9b51d3600ab35d7646139eeb5b2d7cfb8b0d07b1dfce775d273483483cef4c3
computePrefixCost,2019,10,04,10,01,06,279,0xb73fa8ccbbed9ba6bf1c370d064a896f1796469ef90da93c97b5153255d9bf80
computePrefixCost,2019,10,04,10,03,26,566,0xbfe05d731c3bade38d5e146b8070bf38b9d56aaf516b180aff7f0427c066b194
computePrefixCost,2019,10,04,10,03,33,824,0x2f6876a12174956241dbd828a20b86c7a0248696b6192c135099689095bf38ac
computePrefixCost,2019,10,04,10,04,52,969,0x333705f56a596a018bb66380ebd4b597ef925b85950fec6cd188b3d16dd4a5c0
computePrefixCost,2019,10,04,10,04,54,072,0xf0a41342b5cb5481c6355c5a860a5130a6dab7783b3d591bd163876350cec691
computePrefixCost,2019,10,04,10,04,54,743,0x3061724b8292177e7ee98bd0fe2f87aa1bb4b325638162fec367b7562a880ddf
computePrefixCost,2019,10,04,10,04,55,307,0xf9cb388e8d1568037f437183e6627473a0fd50f2f07ad0af5a67ccc685974d23
computePrefixCost,2019,10,04,10,04,55,957,0x932b9b3322e3771e96273271387c7f81e407c4ce2e08a589aaae96d2b5a823f6
getOracleCurrencyConversion,2019,10,04,10,06,28,542,0xf48a5da37caa201a4f30973e182771697a0ddc98d236591cf7f6e904ef43dd62
getOracleCurrencyConversion,2019,10,04,10,07,04,458,0x6178f72c78364b733c947968397fb74de5a4f0971078f30f7e2cbd9b9128ca94
getOracleCurrencyConversion,2019,10,04,10,09,55,122,0xf752c5f37f6ef3cffc94c822e577b6070dfb36540fd799682d76671187f889ca
getOracleCurrencyConversion,2019,10,04,10,28,43,952,0x8019c61904553bafb1d612b33a35cbb8faa0c554133c9a071b77decc11dedcae
computePrefixCost,2019,10,04,10,29,44,347,0xd9847356877150d09182020317e215bb53a2f7fac7a739a4b4af89902af633dd
computePrefixCost,2019,10,04,10,30,22,272,0x1a1bf5ab07ef8b341aa1e0cbd79dd4f9f781b28b9d871235c90255216eb57585
computePrefixCost,2019,10,04,10,30,22,534,0x5e1b146e766536c44501f72811fe37e1238dde1ee114ee4616ccd2c163bb73f3
computePrefixCost,2019,10,04,10,30,23,083,0x246a8fa09e80330099e8fe4cab9e67a8c4f903e3017c10eeeb4791dc46f175fd
computePrefixCost,2019,10,04,10,30,58,565,0xb9553e7d45f27f9950dae73e28142fbcb9c849baf998fb3ca555e42b8b6a3523
computePrefixCost,2019,10,04,10,30,59,496,0x355bf281d58f503a174d15d6532a1d625e032f34e3e0587ccf8af172035d9e42
computePrefixCost,2019,10,04,10,31,00,455,0x6fc33ffb093aab98cc93541ef8e7b010eda9f547d3d3553e2a1de15c3c85cae1
computePrefixCost,2019,10,04,10,31,01,150,0x3e2067d61b2c0ce3a73c69500e96b5c96e5f6304892a85d1aea72b977a15300e
computePrefixCost,2019,10,04,10,31,01,713,0xf9340fcddc4be7035efb53e25c571b687941f9f932a19ad1f48394db60463fc5
computePrefixCost,2019,10,04,10,33,44,197,0x3d743aabd5c7b752181af488bf69f9219d4b247b57fa5c356fe02c5945aff281
computePrefixCost,2019,10,04,10,33,45,692,0xee902b6e1e6dc0cee2aaa98d2093a72db52f3a264a43f49f51cd98f730166b1f
getOracleCurrencyConversion,2019,10,04,10,35,03,269,0x2782035515ecb53fa2d6b15699f96e0191fcf443373d61898114301b7da8c90c
getOracleCurrencyConversion,2019,10,04,10,35,24,711,0xa5f0a2cc20580219a40f33bf4e97f62dd0adb84344b680a1fc52341a320402fa
getOracleCurrencyConversion,2019,10,04,10,35,56,815,0x9c603f912c71a3246d18e95b92b1e4e8685863588777ee1022106f20b987fb8e
getOracleCurrencyConversion,2019,10,04,10,36,33,101,0xdbe32853b2b25f13d6f870d295008cc2c21a3dab75c21862fe13b486393c4f30
getOracleCurrencyConversion,2019,10,04,10,44,40,132,0x4e46627f1eda191fe522e2a8e853af8a3fba95a9868d1d46b9c923333a72cc58
getOracleCurrencyConversion,2019,10,04,10,45,32,553,0xbf84424ebe93dcebae47bf15da1483b17f99c6e6bacdc4c2d9e517796c23c247
getOracleCurrencyConversion,2019,10,04,10,46,33,010,0x17e02f1341d450a8e35a86bf6b0f6e9e945432357b59d752db80fe549d4e532f
getOracleCurrencyConversion,2019,10,04,10,46,57,640,0x11fdfc77d3dbadf2d1cc1e8b3a819ee48524417650ca56adc49306253cc912bc
getOracleCurrencyConversion,2019,10,04,10,47,16,076,0xf23d79245b2593aad2bd5eec69d39fbe111588250458d0230649716e8977e670
getOracleCurrencyConversion,2019,10,04,10,48,15,788,0xf3352f8a3c05692dccde7736893f0be4e0c7b23bcca46a9b12412196e7c0c783
getOracleCurrencyConversion,2019,10,04,10,48,36,453,0xcdc4937d8f7f809376a7493c899fbb1d675e564081f857b4d7cdb0b66d5010c6
getOracleCurrencyConversion,2019,10,04,10,49,59,540,0xefbe3cbf272e30a3fdeadb6b6bbc34f808cbdb42249aed6b3411a9cb1f0a0a7c
getOracleCurrencyConversion,2019,10,04,10,50,44,886,0x3381319d29d2e8de4c4c9fac7602ad9e66d2b8e2888cfaaca81b91b7c29ec037
getOracleCurrencyConversion,2019,10,04,10,52,08,968,0x18a2bdeb5f48672c2ece481221148b0e5214a33ce3d89cc8703bd27a4dbc2485
getOracleCurrencyConversion,2019,10,04,10,52,28,435,0xd005a1081028d7ad291fa28d9ac54571c7634b472dfc07fa00fcb0b42321048a
getOracleCurrencyConversion,2019,10,04,10,53,46,097,0xf39fa6a1fc4da541565b355e45e6917e88d98a664f57755656073223e01433ea
getOracleCurrencyConversion,2019,10,04,10,54,37,918,0x7886fc3ffe0c895cf57b79b587c2534ddbedc486b42f8af57863106d504eb689
